<!DOCTYPE suite SYSTEM "https://testng.org/testng-1.0.dtd" >
<suite name="belirli grular">
    <!--
     xml dosyalar calistiracagimiz suite,
     test veya diger secenekleri bir goreve gore gruplandirma icin de kullanilabilir

     Bu durumda calisacak tum test method'larini ya da class'lari
     tek tek xml dosyasina tanimlamak yerine
     framework'umuze istedigimiz test method'larini
     istedigimiz gruplara dahil edebiliriz

     bunu yapabilmek icin once test method'larimizi istedigimiz gruplara dahil eder
     sonra xml dosyasinda
        1- hangi gruplar calisacak/calismayacak
        2- bu gruplar hangi package altinda aranacak

    -->
    <test name="belirli gruplar">
        <groups>
            <run>
                <exclude name="grup1"></exclude>
                <include name="grup2"></include>
            </run>
         </groups>
        <packages>
            <package name="tests.day16_notations"></package>
            <package name="tests.day17_pom"></package>
        </packages>
    </test>
</suite>
