<!DOCTYPE suite SYSTEM "https://testng.org/testng-1.0.dtd" >
<!-- Yukaridaki eklentiyi muhakkak eklemeliyiz
               https://testng.org/doc/documentation-main.html#testng-xml
                            bu siteden ekliyoruz-->
<!-- Bir xml dosyasi ile projemizde istedigimiz testleri, package'leri
     class'lari veya test method'larini calistirabiliriz
     Bunun icin yapmamiz gerekn; suite'den baslayip
     test hiyerarsinine uygun olarak calisacak tum testleri
     xml formatinda yazmamizdir.

     Eger istedigimiz tum testlere ulasmak icin birden fazla hiyerarsi olusturmamiz
     gerekirse sonraki hiyerarsileri, uygun adimdan baslatmamiz gerekir


     -->

<suite name="istenen class'lari calistirma">
     <test name="classlar">
         <classes>
             <class name="tests.day16_notations.C03_Priority"></class>
             <class name="tests.day17_pom.C01_YeniDriverIlkClass"></class>
         </classes>
     </test>

</suite>