<!DOCTYPE suite SYSTEM "https://testng.org/testng-1.0.dtd" >
<suite name="istenen methodlar" verbose="3">
    <!--
    Bir class'da tum test method'lari calisacaksa bunun icin direk class secmek yeterlidir
    method secmemizin temel amaci class icerisinde sadece belirlenen methodlarin calismasi
    veya belirlenen methodlar disindaki tum methodlarin calismasidir.

    Eger CALISACAK spesifik methodlar'i belirtmek istersek  *** inclusive ***
    CALISMAYACAK spesifik methos'lair belirtmek istersek    *** exclusive *** keyword'leri kullanilir

    Eger methodlar depensOnMethods ile birbirine baglanmissa
    xml dosyasi calisirken caliski olusmamasi lazim
    caliski durumunda selenium testleri calismaz
    depensOnMethods bu methodlar calismak icin baska methodlara baglidir

    suit tag'inin icine yazilacak verbose attribute
    konsolda cikan mesajlarin daha az veya daha cok olmasini belirler
    1 en az
    10 en cok
    -->
    <test name="method">
      <classes>
          <class name="tests.day16_notations.C03_Priority">
              <methods>
                  <include name="test02"></include>
              </methods>
          </class>
          <class name="tests.day16_notations.C04_DependsOnMethods">
              <methods>
                  <exclude name="test03"></exclude>
              </methods>
          </class>
      </classes>
    </test>
</suite>